股票代码,股票名称,回购数量(股),最高回购价,最低回购价,回购平均价,回购总额(港元),日期
00700,腾讯控股,1017000.0,632.0,619.0,625.005,635630200.0,2026-01-15
00700,腾讯控股,1006000.0,638.0,626.0,632.172,635964600.0,2026-01-14
00700,腾讯控股,1012000.0,638.0,623.0,628.416,635956800.0,2026-01-13
00700,腾讯控股,1024000.0,627.0,614.0,620.789,635688200.0,2026-01-12
00700,腾讯控股,1039000.0,616.0,610.5,612.063,635933400.0,2026-01-09
700,腾讯控股,1034000.0,618.5,610.5,614.716,635616300.0,2026-01-08
700,腾讯控股,1023000.0,628.0,615.5,621.613,635910100.0,2026-01-07
700,腾讯控股,1003000.0,638.0,626.5,633.709,635610100.0,2026-01-06
700,腾讯控股,1018000.0,627.5,617.0,624.317,635554700.0,2026-01-05
700,腾讯控股,1029000.0,624.0,600.5,617.894,635812600.0,2026-01-02
700,腾讯控股,1061000.0,602.0,596.0,598.948,635483900.0,2025-12-31
700,腾讯控股,1062000.0,600.5,594.5,598.555,635665000.0,2025-12-30
700,腾讯控股,1057000.0,611.0,596.0,601.36,635637100.0,2025-12-29
700,腾讯控股,1056000.0,604.0,598.0,601.839,635541600.0,2025-12-24
700,腾讯控股,1051000.0,613.5,602.5,604.979,635832800.0,2025-12-23
700,腾讯控股,1035000.0,620.0,610.5,614.083,635576100.0,2025-12-22
700,腾讯控股,1038000.0,617.0,607.0,612.571,635848400.0,2025-12-19
700,腾讯控股,1055000.0,605.5,599.5,602.509,635647000.0,2025-12-18
700,腾讯控股,1057000.0,605.5,595.0,601.44,635722000.0,2025-12-17
700,腾讯控股,1067000.0,602.5,592.5,595.745,635660300.0,2025-12-16
700,腾讯控股,1051000.0,608.0,602.5,604.939,635790900.0,2025-12-15
700,腾讯控股,1044000.0,616.0,601.5,609.025,635822100.0,2025-12-12
700,腾讯控股,1054000.0,611.0,599.5,603.358,635939500.0,2025-12-11
700,腾讯控股,1060000.0,603.0,595.5,599.539,635511200.0,2025-12-10
700,腾讯控股,1056000.0,609.5,596.5,601.956,635665000.0,2025-12-09
700,腾讯控股,1049000.0,608.5,604.5,606.101,635799500.0,2025-12-08
700,腾讯控股,1046000.0,610.5,605.0,608.025,635993900.0,2025-12-05
700,腾讯控股,1044000.0,613.0,605.0,608.92,635712900.0,2025-12-04
700,腾讯控股,1040000.0,616.0,609.0,611.178,635624700.0,2025-12-03
700,腾讯控股,1028000.0,625.5,615.5,618.595,635915600.0,2025-12-02
700,腾讯控股,1029000.0,623.0,613.0,618.01,635932400.0,2025-12-01
700,腾讯控股,1039000.0,616.5,609.0,611.751,635609300.0,2025-11-28
700,腾讯控股,1036000.0,620.0,609.0,613.594,635683300.0,2025-11-27
700,腾讯控股,1022000.0,629.0,618.5,621.976,635659500.0,2025-11-26
700,腾讯控股,1014000.0,634.5,620.5,626.771,635545500.0,2025-11-25
700,腾讯控股,1022000.0,626.5,613.5,622.01,635694000.0,2025-11-24
700,腾讯控股,1042000.0,614.5,606.5,610.233,635862400.0,2025-11-21
700,腾讯控股,1026000.0,628.5,616.0,619.873,635989600.0,2025-11-20
700,腾讯控股,1018000.0,630.5,619.5,624.266,635502900.0,2025-11-19
700,腾讯控股,1013000.0,640.5,620.5,627.445,635602000.0,2025-11-18
700,腾讯控股,839000.0,669.0,648.0,655.986,550372200.0,2025-10-10
700,腾讯控股,816000.0,680.5,666.0,674.739,550587300.0,2025-10-09
700,腾讯控股,817000.0,680.0,669.5,674.405,550989100.0,2025-10-08
700,腾讯控股,815000.0,682.0,670.5,675.267,550342700.0,2025-10-06
700,腾讯控股,817000.0,680.0,670.5,673.696,550409400.0,2025-10-03
700,腾讯控股,812000.0,683.0,666.0,677.704,550295300.0,2025-10-02
700,腾讯控股,832000.0,666.5,657.5,662.212,550960200.0,2025-09-30
700,腾讯控股,837000.0,664.0,648.0,657.968,550718900.0,2025-09-29
700,腾讯控股,850000.0,652.5,640.0,647.437,550321800.0,2025-09-26
700,腾讯控股,844000.0,658.5,644.0,652.015,550300800.0,2025-09-25
700,腾讯控股,858000.0,650.5,628.5,641.649,550535200.0,2025-09-24
700,腾讯控股,867000.0,643.0,627.0,634.802,550373000.0,2025-09-23
700,腾讯控股,862000.0,643.0,635.0,638.517,550401300.0,2025-09-22
700,腾讯控股,857000.0,647.0,638.5,642.691,550786100.0,2025-09-19
700,腾讯控股,848000.0,664.0,636.0,648.975,550331100.0,2025-09-18
700,腾讯控股,839000.0,663.5,645.5,656.593,550881900.0,2025-09-17
700,腾讯控股,853000.0,649.0,641.0,645.462,550578800.0,2025-09-16
700,腾讯控股,856000.0,648.0,637.5,643.552,550880400.0,2025-09-15
700,腾讯控股,852000.0,649.0,642.0,646.052,550436500.0,2025-09-12
700,腾讯控股,874000.0,633.0,624.0,629.84,550480100.0,2025-09-11
700,腾讯控股,866000.0,638.5,628.5,635.59,550421100.0,2025-09-10
700,腾讯控股,883000.0,627.5,619.0,624.0,550991800.0,2025-09-09
700,腾讯控股,897000.0,618.5,605.5,613.738,550522800.0,2025-09-08
700,腾讯控股,913000.0,608.5,597.0,603.245,550762300.0,2025-09-05
700,腾讯控股,925000.0,605.0,591.0,595.226,550584400.0,2025-09-04
700,腾讯控股,916000.0,612.5,596.5,601.217,550715000.0,2025-09-03
700,腾讯控股,913000.0,608.0,599.5,602.798,550354200.0,2025-09-02
700,腾讯控股,910000.0,609.5,601.5,604.919,550476500.0,2025-09-01
700,腾讯控股,919000.0,605.0,594.5,598.803,550300000.0,2025-08-29
700,腾讯控股,927000.0,598.5,590.5,594.229,550849800.0,2025-08-28
700,腾讯控股,909000.0,614.5,596.0,605.375,550286000.0,2025-08-27
700,腾讯控股,899000.0,617.5,609.5,612.698,550815100.0,2025-08-26
700,腾讯控股,895000.0,620.0,608.5,615.372,550757900.0,2025-08-25
700,腾讯控股,917000.0,606.0,596.0,600.344,550515700.0,2025-08-22
700,腾讯控股,928000.0,597.0,590.0,593.584,550846000.0,2025-08-21
700,腾讯控股,934000.0,594.0,586.0,589.786,550860000.0,2025-08-20
700,腾讯控股,932000.0,596.5,583.0,590.567,550408700.0,2025-08-19
700,腾讯控股,931000.0,595.5,587.0,591.235,550440000.0,2025-08-18
700,腾讯控股,1008000.0,498.0,494.4,496.378,500348700.0,2025-07-10
700,腾讯控股,1005000.0,504.0,495.2,497.832,500321300.0,2025-07-09
700,腾讯控股,995000.0,505.0,500.0,502.827,500312600.0,2025-07-08
700,腾讯控股,1002000.0,502.0,494.4,499.59,500589400.0,2025-07-07
700,腾讯控股,1007000.0,501.0,493.0,496.792,500269200.0,2025-07-04
700,腾讯控股,1004000.0,503.0,495.0,498.663,500657600.0,2025-07-03
700,腾讯控股,996000.0,508.0,500.5,502.433,500423100.0,2025-07-02
700,腾讯控股,989000.0,510.0,503.0,505.923,500357900.0,2025-06-30
700,腾讯控股,978000.0,513.5,510.0,511.497,500244000.0,2025-06-27
700,腾讯控股,979000.0,513.0,508.0,510.933,500203500.0,2025-06-26
700,腾讯控股,979000.0,514.5,508.5,511.088,500355500.0,2025-06-25
700,腾讯控股,985000.0,510.0,505.5,508.245,500620900.0,2025-06-24
700,腾讯控股,1001000.0,504.0,495.2,500.094,500593900.0,2025-06-23
700,腾讯控股,997000.0,504.5,496.2,502.001,500495000.0,2025-06-20
700,腾讯控股,1002000.0,506.0,496.2,499.423,500421400.0,2025-06-19
700,腾讯控股,990000.0,510.0,503.5,505.769,500711300.0,2025-06-18
700,腾讯控股,980000.0,514.0,507.0,510.678,500464800.00000006,2025-06-17
700,腾讯控股,985000.0,511.0,505.0,507.76,500143900.0,2025-06-16
700,腾讯控股,982000.0,515.0,506.5,509.555,500382800.0,2025-06-13
700,腾讯控股,975000.0,518.0,508.0,513.147,500318500.0,2025-06-12
700,腾讯控股,969000.0,518.0,514.5,516.533,500520300.0,2025-06-11
700,腾讯控股,973000.0,520.0,509.0,514.34,500453000.0,2025-06-10
700,腾讯控股,968000.0,520.5,513.0,517.122,500574300.0,2025-06-09
700,腾讯控股,975000.0,516.5,511.5,513.692,500849300.0,2025-06-06
700,腾讯控股,975000.0,517.5,509.5,513.498,500660600.0,2025-06-05
700,腾讯控股,980000.0,513.0,507.5,510.557,500345800.0,2025-06-04
700,腾讯控股,994000.0,505.0,501.0,503.488,500467400.0,2025-06-03
700,腾讯控股,1013000.0,498.4,490.0,494.113,500536700.0,2025-06-02
700,腾讯控股,1003000.0,504.5,496.2,499.125,500622100.0,2025-05-30
700,腾讯控股,985000.0,511.5,504.0,507.837,500219700.0,2025-05-29
700,腾讯控股,985000.0,515.0,503.0,508.073,500451800.0,2025-05-28
700,腾讯控股,979000.0,514.0,507.0,511.03,500298300.0,2025-05-27
700,腾讯控股,979000.0,516.0,508.5,511.152,500417700.0,2025-05-26
700,腾讯控股,970000.0,520.0,512.5,516.034,500553100.0,2025-05-23
700,腾讯控股,970000.0,520.0,513.0,516.101,500618500.0,2025-05-22
700,腾讯控股,963000.0,524.0,516.0,519.615,500389100.00000006,2025-05-21
700,腾讯控股,971000.0,517.0,512.5,515.164,500224600.0,2025-05-20
700,腾讯控股,979000.0,516.5,503.0,511.157,500422500.0,2025-05-19
700,腾讯控股,1333000.0,461.4,443.2,450.646,600711100.0,2025-04-10
700,腾讯控股,1385000.0,446.8,419.6,433.732,600719400.0,2025-04-09
700,腾讯控股,1364000.0,449.6,430.2,440.341,600625500.0,2025-04-08
700,腾讯控股,1350000.0,461.8,431.2,445.09,600871600.0,2025-04-07
700,腾讯控股,1011000.0,498.8,492.0,495.29,500738100.0,2025-04-03
700,腾讯控股,996000.0,508.0,499.4,502.865,500853500.0,2025-04-02
700,腾讯控股,991000.0,510.5,501.0,505.451,500901600.00000006,2025-04-01
700,腾讯控股,1002000.0,506.5,495.0,499.537,500535900.0,2025-03-31
700,腾讯控股,982000.0,515.5,503.5,509.79,500613400.0,2025-03-28
700,腾讯控股,981000.0,515.5,502.5,510.29,500594100.00000006,2025-03-27
700,腾讯控股,990000.0,509.5,502.0,505.876,500817100.0,2025-03-26
700,腾讯控股,989000.0,515.0,501.5,506.104,500537200.0,2025-03-25
700,腾讯控股,980000.0,517.5,505.0,510.744,500529500.0,2025-03-24
700,腾讯控股,3930000.0,386.4,376.8,381.693,1500053100.0,2025-01-16
700,腾讯控股,3960000.0,385.2,373.2,379.65,1503415200.0,2025-01-15
700,腾讯控股,4010000.0,379.4,365.6,374.339,1501100600.0,2025-01-14
700,腾讯控股,4080000.0,371.2,364.8,368.49,1503437200.0,2025-01-13
700,腾讯控股,4010000.0,379.2,370.2,374.276,1500848000.0,2025-01-10
700,腾讯控股,4010000.0,379.2,365.0,374.217,1500609400.0,2025-01-09
700,腾讯控股,4050000.0,379.2,366.0,371.159,1503195200.0,2025-01-08
700,腾讯控股,3930000.0,392.4,376.8,381.924,1500959700.0,2025-01-07
700,腾讯控股,1710000.0,415.0,407.4,409.961,701033800.0,2025-01-06
700,腾讯控股,1690000.0,418.6,411.2,414.749,700925100.0,2025-01-03
700,腾讯控股,1680000.0,424.6,413.8,417.532,701454299.9999999,2025-01-02
700,腾讯控股,1370000.0,421.4,416.0,419.004,574035500.0,2024-12-31
700,腾讯控股,1680000.0,421.4,416.0,418.45,702996300.0,2024-12-30
700,腾讯控股,1680000.0,420.6,415.6,417.689,701717500.0,2024-12-27
700,腾讯控股,1200000.0,421.4,417.8,419.5,503400500.0,2024-12-24
700,腾讯控股,1670000.0,430.6,416.4,421.432,703792100.0000001,2024-12-23
700,腾讯控股,1650000.0,428.2,414.2,426.261,703330700.0000001,2024-12-20
700,腾讯控股,1720000.0,421.8,401.4,408.69,702946300.0,2024-12-19
700,腾讯控股,1730000.0,406.0,405.2,406.129,702603300.0,2024-12-18
700,腾讯控股,1740000.0,407.0,401.8,404.008,702974100.0,2024-12-17
700,腾讯控股,1720000.0,410.8,403.8,407.133,700268800.0,2024-12-16
700,腾讯控股,1710000.0,414.6,408.6,411.39,703476900.0,2024-12-13
700,腾讯控股,1690000.0,422.4,409.8,416.457,703812300.0,2024-12-12
700,腾讯控股,1710000.0,414.8,407.2,410.497,701950399.9999999,2024-12-11
700,腾讯控股,1680000.0,429.2,411.0,418.39,702895700.0000001,2024-12-10
700,腾讯控股,1710000.0,418.8,406.2,409.986,701076400.0,2024-12-09
700,腾讯控股,1700000.0,414.4,405.4,410.676,698149900.0,2024-12-06
700,腾讯控股,1740000.0,406.6,401.0,404.829,704401799.9999999,2024-12-05
700,腾讯控股,1740000.0,405.4,399.8,402.69,700680300.0,2024-12-04
700,腾讯控股,1760000.0,404.2,395.0,399.563,703230200.0,2024-12-03
700,腾讯控股,1760000.0,401.2,395.6,398.41,701201100.0,2024-12-02
700,腾讯控股,1760000.0,402.4,395.0,397.818,700159000.0,2024-11-29
700,腾讯控股,1750000.0,403.8,397.6,400.284,700496100.0,2024-11-28
700,腾讯控股,1770000.0,405.8,392.2,397.645,703832400.0,2024-11-27
700,腾讯控股,1780000.0,399.0,392.2,394.907,702934100.0,2024-11-26
700,腾讯控股,1770000.0,402.0,394.0,396.676,702117400.0,2024-11-25
700,腾讯控股,1730000.0,412.2,399.8,405.669,701807000.0,2024-11-22
700,腾讯控股,1720000.0,411.2,407.4,409.364,704106300.0,2024-11-21
700,腾讯控股,1710000.0,413.4,406.6,409.996,701093300.0,2024-11-20
700,腾讯控股,1730000.0,409.0,403.4,406.259,702828400.0,2024-11-19
700,腾讯控股,1730000.0,412.8,401.8,406.297,702893300.0,2024-11-18
700,腾讯控股,1750000.0,406.8,399.2,402.247,703932300.0,2024-11-15
700,腾讯控股,1600000.0,450.4,424.0,439.226,702762200.0,2024-10-09
700,腾讯控股,1560000.0,474.8,438.6,450.382,702595100.0,2024-10-08
700,腾讯控股,1050000.0,482.2,470.0,477.847,501738900.0,2024-10-07
700,腾讯控股,291900.0,472.2,462.4,468.591,136781700.0,2024-10-04
700,腾讯控股,549200.0,459.4,453.4,457.084,251030500.0,2024-10-03
700,腾讯控股,367400.0,414.2,407.0,410.874,150955000.0,2024-09-26
700,腾讯控股,1730000.0,408.8,401.4,405.279,701132300.0,2024-09-25
700,腾讯控股,2530000.0,402.2,389.6,396.153,1002266600.0,2024-09-24
700,腾讯控股,2580000.0,391.8,385.4,387.602,1000012400.0,2024-09-23
700,腾讯控股,2580000.0,393.0,383.8,388.728,1002918000.0,2024-09-20
700,腾讯控股,2600000.0,389.6,376.6,385.437,1002136500.0,2024-09-19
700,腾讯控股,2640000.0,381.4,372.0,379.294,1001335900.0,2024-09-17
700,腾讯控股,2670000.0,377.8,370.6,375.596,1002840300.0,2024-09-16
700,腾讯控股,2670000.0,376.6,373.2,374.656,1000331300.0,2024-09-13
700,腾讯控股,2680000.0,376.6,371.0,373.57,1001168100.0,2024-09-12
700,腾讯控股,2720000.0,370.6,365.2,367.864,1000590400.0,2024-09-11
700,腾讯控股,2720000.0,370.4,366.2,368.83,1003218100.0,2024-09-10
700,腾讯控股,2720000.0,371.2,365.4,368.811,1003165600.0,2024-09-09
700,腾讯控股,2680000.0,376.4,370.4,373.289,1000415300.0,2024-09-05
700,腾讯控股,2690000.0,376.4,371.2,373.023,1003431600.0,2024-09-04
700,腾讯控股,2650000.0,381.2,374.8,378.386,1002724000.0,2024-09-03
700,腾讯控股,2650000.0,383.2,376.6,378.6,1003289500.0,2024-09-02
700,腾讯控股,2620000.0,385.4,377.0,382.471,1002073500.0,2024-08-30
700,腾讯控股,2680000.0,378.0,369.2,374.379,1003334900.0,2024-08-29
700,腾讯控股,2660000.0,383.0,372.4,376.204,1000702400.0,2024-08-28
700,腾讯控股,2630000.0,382.4,377.6,380.449,1000579800.0,2024-08-27
700,腾讯控股,2630000.0,384.4,378.0,380.669,1001159200.0,2024-08-26
700,腾讯控股,2660000.0,378.4,373.6,376.579,1001700900.0,2024-08-23
700,腾讯控股,2670000.0,377.8,371.2,374.696,1000438300.0,2024-08-22
700,腾讯控股,2700000.0,373.6,365.4,371.273,1002437400.0,2024-08-21
700,腾讯控股,2700000.0,373.6,369.0,370.875,1001361400.0,2024-08-20
700,腾讯控股,2680000.0,377.6,371.4,373.534,1001071700.0,2024-08-19
700,腾讯控股,2690000.0,375.0,368.8,372.781,1002780400.0,2024-08-16
700,腾讯控股,2540000.0,397.0,389.4,394.544,1002141800.0,2024-07-12
700,腾讯控股,2610000.0,385.6,378.4,383.238,1000252500.0,2024-07-11
700,腾讯控股,2630000.0,385.6,377.0,380.525,1000781000.0,2024-07-10
700,腾讯控股,2640000.0,382.0,376.2,379.298,1001345700.0,2024-07-09
700,腾讯控股,2650000.0,383.2,375.8,378.756,1003703900.0,2024-07-08
700,腾讯控股,2630000.0,385.6,379.0,381.356,1002965500.0,2024-07-05
700,腾讯控股,2620000.0,386.8,378.8,382.329,1001700700.0,2024-07-04
700,腾讯控股,2670000.0,380.0,366.8,374.754,1000593400.0,2024-07-03
700,腾讯控股,2710000.0,376.2,365.2,369.14,1000369900.0,2024-07-02
700,腾讯控股,2680000.0,375.6,371.0,373.379,1000656500.0,2024-06-28
700,腾讯控股,2670000.0,380.0,372.4,376.143,1004301500.0,2024-06-27
700,腾讯控股,2640000.0,382.6,377.2,380.522,1004577000.0,2024-06-26
700,腾讯控股,2620000.0,385.0,379.0,382.444,1002002800.0,2024-06-25
700,腾讯控股,2660000.0,381.0,374.2,377.424,1003947600.0,2024-06-24
700,腾讯控股,2630000.0,385.0,378.4,381.636,1003701900.0,2024-06-21
700,腾讯控股,2580000.0,392.0,385.5,388.515,1002368200.0,2024-06-20
700,腾讯控股,2600000.0,391.0,378.4,385.659,1002712100.0,2024-06-19
700,腾讯控股,2640000.0,383.6,377.0,380.06,1003359200.0,2024-06-18
700,腾讯控股,2630000.0,385.6,374.8,381.444,1003197700.0,2024-06-17
700,腾讯控股,2630000.0,383.6,379.0,380.87,1001687800.0,2024-06-14
700,腾讯控股,2660000.0,380.0,373.6,377.136,1003181200.0,2024-06-13
700,腾讯控股,2700000.0,376.8,369.8,371.936,1004226900.0,2024-06-12
700,腾讯控股,2690000.0,377.6,367.4,373.019,1003420800.0,2024-06-11
700,腾讯控股,2670000.0,384.4,372.8,375.755,1003264500.0,2024-06-07
700,腾讯控股,2620000.0,390.8,379.2,383.231,1004065500.0,2024-06-06
700,腾讯控股,2620000.0,387.8,377.6,382.433,1001975500.0,2024-06-05
700,腾讯控股,2660000.0,379.2,374.0,377.278,1003558700.0,2024-06-04
700,腾讯控股,2680000.0,376.0,372.2,374.418,1003440800.0,2024-06-03
700,腾讯控股,2730000.0,378.8,359.8,367.393,1002983200.0,2024-05-31
700,腾讯控股,2720000.0,374.0,365.8,368.771,1003057100.0,2024-05-30
700,腾讯控股,2680000.0,379.8,369.8,374.139,1002692500.0,2024-05-29
700,腾讯控股,2630000.0,385.8,374.0,381.21,1002582600.0,2024-05-28
700,腾讯控股,2690000.0,377.4,363.2,373.36,1004339500.0,2024-05-27
700,腾讯控股,2660000.0,382.6,374.8,377.296,1003606300.0,2024-05-24
700,腾讯控股,2630000.0,383.8,376.4,381.446,1003203800.0,2024-05-23
700,腾讯控股,2610000.0,386.6,376.8,383.443,1000786200.0,2024-05-22
700,腾讯控股,2610000.0,393.4,379.8,384.336,1003117700.0,2024-05-21
700,腾讯控股,2540000.0,399.8,393.0,395.365,1004226300.0,2024-05-20
700,腾讯控股,1050000.0,395.0,394.4,394.989,414738900.0,2024-05-17
700,腾讯控股,3200000.0,317.4,309.4,312.557,1000180900.0,2024-04-12
700,腾讯控股,3180000.0,316.6,311.2,314.5,1000108900.0,2024-04-11
700,腾讯控股,3200000.0,315.2,307.0,312.841,1001091400.0,2024-04-10
700,腾讯控股,3280000.0,308.2,303.0,305.25,1001218500.0,2024-04-09
700,腾讯控股,3270000.0,310.4,304.6,306.644,1002725800.0,2024-04-08
700,腾讯控股,3250000.0,311.2,304.4,308.64,1003080300.0,2024-04-05
700,腾讯控股,3250000.0,311.0,306.6,308.141,1001458300.0,2024-04-03
700,腾讯控股,3230000.0,311.2,308.2,309.716,1000383700.0,2024-04-02
700,腾讯控股,3280000.0,308.6,301.8,305.774,1002938200.0,2024-03-28
700,腾讯控股,3290000.0,305.8,296.6,304.691,1002433400.0,2024-03-27
700,腾讯控股,3400000.0,300.6,288.2,294.885,1002608700.0,2024-03-26
700,腾讯控股,3470000.0,290.2,285.6,288.531,1001202300.0,2024-03-25
700,腾讯控股,3490000.0,290.2,282.8,286.79,1000895500.0,2024-03-22
700,腾讯控股,3640000.0,278.8,271.2,275.414,1002506200.0,2024-01-18
700,腾讯控股,3650000.0,277.6,272.4,274.606,1002311200.0,2024-01-17
700,腾讯控股,2830000.0,288.4,280.0,283.139,801283700.0,2024-01-16
700,腾讯控股,1730000.0,293.8,287.8,290.002,501704300.0,2024-01-15
700,腾讯控股,1730000.0,292.2,285.6,289.147,500224700.0,2024-01-12
700,腾讯控股,1740000.0,292.0,280.6,287.577,500383600.0,2024-01-11
700,腾讯控股,1790000.0,284.6,277.0,280.498,502091600.00000006,2024-01-10
700,腾讯控股,1760000.0,288.6,283.4,285.772,502959100.00000006,2024-01-09
700,腾讯控股,1740000.0,294.4,285.6,287.591,500409200.0,2024-01-08
700,腾讯控股,3420000.0,296.4,289.8,292.907,1001740900.0,2024-01-05
700,腾讯控股,3340000.0,304.4,298.2,299.707,1001021400.0,2024-01-04
700,腾讯控股,3360000.0,301.4,292.4,298.307,1002311500.0,2024-01-03
700,腾讯控股,3380000.0,303.6,294.4,297.532,1005657100.0,2024-01-02
700,腾讯控股,3420000.0,295.8,289.8,293.132,1002510800.0,2023-12-29
700,腾讯控股,3450000.0,295.4,285.0,290.546,1002382700.0,2023-12-28
700,腾讯控股,3510000.0,291.0,282.2,285.899,1003503700.0,2023-12-27
700,腾讯控股,3590000.0,317.0,263.8,279.108,1001999200.0,2023-12-22
700,腾讯控股,1290000.0,313.4,309.2,311.593,401954700.0,2023-12-21
700,腾讯控股,1280000.0,318.2,312.2,315.122,403356500.0,2023-12-20
700,腾讯控股,1290000.0,314.4,306.6,310.965,401145400.0,2023-12-19
700,腾讯控股,1290000.0,312.4,309.6,310.885,401041500.0,2023-12-18
700,腾讯控股,1280000.0,319.2,309.2,314.425,402464400.0,2023-12-15
700,腾讯控股,1310000.0,314.0,304.6,307.515,402844900.0,2023-12-14
700,腾讯控股,1300000.0,310.6,304.8,307.874,400236200.0,2023-12-13
700,腾讯控股,1300000.0,311.6,306.4,309.504,402355500.0,2023-12-12
700,腾讯控股,1330000.0,307.6,298.6,303.167,403212600.0,2023-12-11
700,腾讯控股,1320000.0,309.0,301.2,305.229,402902100.0,2023-12-08
700,腾讯控股,1310000.0,311.0,304.2,306.952,402107400.0,2023-12-07
700,腾讯控股,1300000.0,314.8,302.8,310.248,403322100.0,2023-12-06
700,腾讯控股,1290000.0,321.0,305.2,310.653,400742600.0,2023-12-05
700,腾讯控股,1260000.0,323.6,315.4,319.3,402318600.0,2023-12-04
700,腾讯控股,1250000.0,325.6,319.0,322.438,403048000.0,2023-12-01
700,腾讯控股,1240000.0,327.0,317.4,322.776,400242500.0,2023-11-30
700,腾讯控股,1260000.0,323.0,313.8,317.475,400018600.0,2023-11-29
700,腾讯控股,1260000.0,324.4,317.2,319.818,402970400.0,2023-11-28
700,腾讯控股,1250000.0,325.0,318.4,321.587,401983200.0,2023-11-27
700,腾讯控股,1240000.0,329.6,320.2,323.978,401732100.0,2023-11-24
700,腾讯控股,1230000.0,329.4,323.6,327.232,402495000.0,2023-11-23
700,腾讯控股,1230000.0,329.8,322.2,325.622,400514900.0,2023-11-22
700,腾讯控股,1220000.0,332.4,323.8,328.093,400273900.0,2023-11-21
700,腾讯控股,1240000.0,328.4,316.2,323.74,401437200.0,2023-11-20
700,腾讯控股,1300000.0,312.8,305.4,308.774,401406600.00000006,2023-10-13
700,腾讯控股,1270000.0,317.0,314.8,316.149,401509200.0,2023-10-12
700,腾讯控股,1290000.0,314.4,310.6,312.183,402715900.0,2023-10-11
700,腾讯控股,1300000.0,314.4,306.0,309.47,402310900.0,2023-10-10
700,腾讯控股,1310000.0,308.6,302.8,306.756,401850400.0,2023-10-09
700,腾讯控股,1310000.0,307.2,302.2,305.563,400287700.0,2023-10-06
700,腾讯控股,1330000.0,303.2,298.6,300.785,400044400.0,2023-10-05
700,腾讯控股,1350000.0,299.8,295.4,297.362,401438300.0,2023-10-04
700,腾讯控股,1340000.0,302.0,296.8,299.485,401310300.0,2023-10-03
700,腾讯控股,1320000.0,308.2,297.2,304.816,402357400.0,2023-09-29
700,腾讯控股,1340000.0,302.0,296.6,298.653,400195300.0,2023-09-28
700,腾讯控股,1330000.0,304.0,298.0,301.412,400878200.0,2023-09-27
700,腾讯控股,1330000.0,303.4,298.6,301.216,400617000.0,2023-09-26
700,腾讯控股,1310000.0,311.4,303.4,305.978,400830700.0,2023-09-25
700,腾讯控股,1310000.0,313.6,300.2,307.374,402659900.0,2023-09-22
700,腾讯控股,1320000.0,307.2,302.2,303.443,400544200.0,2023-09-21
700,腾讯控股,1300000.0,312.6,308.2,309.822,402768700.0,2023-09-20
700,腾讯控股,1290000.0,314.6,309.0,311.762,402172500.0,2023-09-19
700,腾讯控股,1270000.0,318.8,312.2,315.2,400304100.00000006,2023-09-18
700,腾讯控股,1260000.0,321.6,317.2,318.853,401754700.0,2023-09-15
700,腾讯控股,1250000.0,322.6,318.6,320.073,400091600.00000006,2023-09-14
700,腾讯控股,1250000.0,326.0,319.2,320.921,401151800.0,2023-09-13
700,腾讯控股,1240000.0,328.0,319.8,322.64,400073600.0,2023-09-12
700,腾讯控股,1250000.0,325.2,315.4,321.836,402294700.0,2023-09-11
700,腾讯控股,1250000.0,326.8,320.4,322.567,403208100.0,2023-09-07
700,腾讯控股,1230000.0,329.0,323.4,326.356,401417900.0,2023-09-06
700,腾讯控股,1220000.0,334.8,327.8,329.764,402312200.0,2023-09-05
700,腾讯控股,1210000.0,334.4,328.6,332.786,402670600.0,2023-09-04
700,腾讯控股,1230000.0,331.4,322.2,326.977,402182200.0,2023-08-31
700,腾讯控股,1220000.0,333.8,325.2,328.74,401062400.0,2023-08-30
700,腾讯控股,1220000.0,331.8,325.4,329.332,401784900.0,2023-08-29
700,腾讯控股,1230000.0,333.0,324.8,327.28,402554400.0,2023-08-28
700,腾讯控股,1250000.0,323.6,320.0,321.448,401810100.0,2023-08-25
700,腾讯控股,1240000.0,327.8,321.0,324.399,402255100.0,2023-08-24
700,腾讯控股,1260000.0,321.2,317.4,318.914,401832000.0,2023-08-23
700,腾讯控股,1260000.0,323.8,314.8,319.052,402005600.0,2023-08-22
700,腾讯控股,1250000.0,325.6,318.0,321.126,401407400.0,2023-08-21
700,腾讯控股,1220000.0,332.6,325.0,328.324,400555800.0,2023-08-18
700,腾讯控股,1140000.0,352.4,349.0,351.631,400858900.0,2023-07-14
700,腾讯控股,79200.0,347.6,347.2,347.517,27523300.0,2023-07-13
700,腾讯控股,1180000.0,340.8,336.0,339.177,400229200.0,2023-07-12
700,腾讯控股,1210000.0,335.4,330.2,332.996,402925600.0,2023-07-11
700,腾讯控股,1220000.0,335.2,327.4,330.378,403061400.0,2023-07-10
700,腾讯控股,1240000.0,330.6,320.2,324.637,402550300.0,2023-07-07
700,腾讯控股,1220000.0,336.8,325.4,329.819,402379100.00000006,2023-07-06
700,腾讯控股,1190000.0,340.8,333.4,336.337,400240600.0,2023-07-05
700,腾讯控股,1190000.0,341.0,336.4,338.809,403182700.0,2023-07-04
700,腾讯控股,1190000.0,339.8,331.8,336.828,400825800.0,2023-07-03
700,腾讯控股,1210000.0,333.6,329.6,331.387,400978000.0,2023-06-30
700,腾讯控股,1200000.0,339.0,331.4,334.155,400985800.0,2023-06-29
700,腾讯控股,1190000.0,340.4,334.0,336.926,400941700.0,2023-06-28
700,腾讯控股,1180000.0,344.0,332.8,340.488,401775400.0,2023-06-27
700,腾讯控股,1200000.0,338.8,330.4,334.016,400819600.0,2023-06-26
700,腾讯控股,1190000.0,340.6,333.2,336.463,400391100.0,2023-06-23
700,腾讯控股,1180000.0,345.8,337.2,340.595,401902000.0,2023-06-21
700,腾讯控股,1140000.0,359.0,347.4,351.381,400574700.0,2023-06-20
700,腾讯控股,1130000.0,359.8,350.6,354.632,400734300.0,2023-06-19
700,腾讯控股,1120000.0,361.0,355.8,359.3,402416100.0,2023-06-16
700,腾讯控股,1140000.0,355.0,348.4,352.246,401560300.0,2023-06-15
700,腾讯控股,1150000.0,353.0,344.2,348.025,400228800.0,2023-06-14
700,腾讯控股,1170000.0,348.0,338.4,343.9,402363200.0,2023-06-13
700,腾讯控股,1190000.0,340.0,334.6,337.924,402129200.0,2023-06-12
700,腾讯控股,1190000.0,339.8,333.8,337.049,401088100.0,2023-06-09
700,腾讯控股,1210000.0,335.0,328.4,332.395,402197500.0,2023-06-08
700,腾讯控股,1190000.0,340.0,334.8,337.356,401453300.0,2023-06-07
700,腾讯控股,1200000.0,339.0,329.2,333.996,400795600.0,2023-06-06
700,腾讯控股,348900.0,333.8,330.2,332.786,116109100.0,2023-06-05
700,腾讯控股,704500.0,331.2,323.4,328.209,231223500.0,2023-06-02
700,腾讯控股,1260000.0,323.4,311.4,318.282,401035200.0,2023-06-01
700,腾讯控股,1290000.0,314.6,306.0,310.722,400831600.00000006,2023-05-31
700,腾讯控股,1120000.0,318.2,308.2,313.901,351569300.0,2023-05-30
700,腾讯控股,1110000.0,327.2,311.4,317.251,352148900.0,2023-05-29
700,腾讯控股,1090000.0,330.6,318.4,324.228,353408000.0,2023-05-25
700,腾讯控股,1060000.0,336.8,331.0,333.56,353573300.0,2023-05-24
700,腾讯控股,1040000.0,345.4,334.2,339.38,352955400.0,2023-05-23
700,腾讯控股,1030000.0,344.2,333.8,339.949,350147500.0,2023-05-22
700,腾讯控股,970000.0,371.0,354.4,361.516,350670400.0,2023-04-12
700,腾讯控股,930000.0,389.2,371.6,379.096,352559700.0,2023-04-11
700,腾讯控股,920000.0,387.2,380.6,383.949,353233399.99999994,2023-04-06
700,腾讯控股,910000.0,388.4,382.4,384.862,350224500.0,2023-04-04
700,腾讯控股,910000.0,390.8,386.8,388.027,353105000.0,2023-04-03
700,腾讯控股,900000.0,393.8,384.0,388.739,349865199.99999994,2023-03-31
700,腾讯控股,910000.0,389.8,380.4,384.76,350131400.0,2023-03-30
700,腾讯控股,910000.0,386.4,382.2,385.185,350518800.0,2023-03-29
700,腾讯控股,940000.0,379.2,366.8,375.147,352637800.0,2023-03-28
700,腾讯控股,960000.0,372.8,362.8,366.605,351940600.0,2023-03-27
700,腾讯控股,920000.0,384.8,374.8,381.452,350935700.0,2023-01-19
700,腾讯控股,930000.0,380.6,371.2,377.697,351258399.99999994,2023-01-18
700,腾讯控股,950000.0,375.4,366.2,369.827,351335899.99999994,2023-01-17
700,腾讯控股,950000.0,376.2,364.0,371.328,352761500.0,2023-01-16
700,腾讯控股,950000.0,372.4,356.2,365.337,347070600.0,2023-01-13
700,腾讯控股,960000.0,377.0,356.6,366.485,351825100.0,2023-01-12
700,腾讯控股,181700.00000000003,370.4,367.8,369.776,67188300.0,2023-01-11
700,腾讯控股,980000.0,363.2,357.0,360.108,352906300.0,2023-01-10
700,腾讯控股,37500.0,353.8,351.6,352.983,13236900.0,2023-01-09
700,腾讯控股,15700.0,347.2,347.0,347.115,5449700.0,2023-01-06
700,腾讯控股,978200.0,344.2,329.0,337.35,329995500.0,2023-01-03
700,腾讯控股,1050000.0,339.4,331.6,336.346,353162900.0,2022-12-30
700,腾讯控股,1000000.0,334.0,323.0,331.724,331724500.0,2022-12-29
700,腾讯控股,1080000.0,329.4,321.8,325.908,351980600.0,2022-12-28
700,腾讯控股,1090000.0,325.8,318.0,321.854,350821100.0,2022-12-23
700,腾讯控股,1090000.0,325.4,316.4,321.844,350810000.0,2022-12-22
700,腾讯控股,1130000.0,313.0,308.2,310.711,351103800.0,2022-12-21
700,腾讯控股,1130000.0,318.8,306.4,311.814,352349600.0,2022-12-20
700,腾讯控股,1100000.0,328.4,316.8,321.216,353337500.0,2022-12-19
700,腾讯控股,1110000.0,321.2,311.6,317.091,351970700.0,2022-12-16
700,腾讯控股,1100000.0,326.2,316.2,318.573,350430300.0,2022-12-15
700,腾讯控股,1080000.0,327.6,318.4,324.478,350436300.0,2022-12-14
700,腾讯控股,1100000.0,324.8,315.6,319.937,351930700.0,2022-12-13
700,腾讯控股,1100000.0,324.6,315.8,318.598,350457800.0,2022-12-12
700,腾讯控股,985200.0,323.2,314.6,320.714,315967500.0,2022-12-09
700,腾讯控股,1120000.0,317.8,304.2,313.444,351057200.0,2022-12-08
700,腾讯控股,1130000.0,315.6,299.8,310.249,350581600.00000006,2022-12-07
700,腾讯控股,934400.0,310.2,307.6,309.142,288862300.0,2022-12-06
700,腾讯控股,1190000.0,296.0,291.8,294.951,350991800.0,2022-12-02
700,腾讯控股,36200.0,293.2,292.6,293.004,10606700.0,2022-12-01
700,腾讯控股,982800.0,292.0,280.2,284.325,279434700.0,2022-11-30
700,腾讯控股,1250000.0,285.8,273.8,280.166,350207000.0,2022-11-29
700,腾讯控股,1310000.0,271.4,259.0,267.226,350066300.0,2022-11-28
700,腾讯控股,1290000.0,277.0,268.4,272.168,351096500.0,2022-11-25
700,腾讯控股,1240000.0,289.2,279.0,282.339,350099900.0,2022-11-24
700,腾讯控股,1250000.0,284.8,277.8,281.729,352160899.99999994,2022-11-23
700,腾讯控股,1260000.0,284.4,274.8,278.817,351308900.0,2022-11-22
700,腾讯控股,1240000.0,286.6,274.6,282.677,350520000.0,2022-11-21
700,腾讯控股,1210000.0,292.6,286.6,290.888,351974500.0,2022-11-18
700,腾讯控股,2380000.0,258.6,248.6,253.086,602345200.0,2022-10-14
700,腾讯控股,2410000.0,254.8,246.2,249.751,601900600.0,2022-10-13
700,腾讯控股,2380000.0,263.8,248.2,252.475,600891500.0,2022-10-12
700,腾讯控股,1370000.0,262.4,254.2,256.818,351841300.0,2022-10-11
700,腾讯控股,1330000.0,268.2,262.8,265.228,352753000.0,2022-10-10
700,腾讯控股,1300000.0,273.8,270.4,271.969,353560400.0,2022-10-07
700,腾讯控股,1270000.0,282.4,275.2,277.89,352920899.99999994,2022-10-06
700,腾讯控股,1270000.0,279.8,271.2,277.017,351811800.0,2022-10-05
700,腾讯控股,1340000.0,266.4,259.6,262.906,352294600.0,2022-10-03
700,腾讯控股,1320000.0,275.4,263.8,267.647,353293800.0,2022-09-30
700,腾讯控股,1280000.0,283.2,268.4,274.549,351423200.0,2022-09-29
700,腾讯控股,1270000.0,279.8,273.6,276.337,350948600.0,2022-09-28
700,腾讯控股,1260000.0,283.0,275.4,279.67,352384500.0,2022-09-27
700,腾讯控股,1250000.0,287.4,273.2,282.333,352916200.0,2022-09-26
700,腾讯控股,1270000.0,281.2,275.0,277.497,352421300.0,2022-09-23
700,腾讯控股,1240000.0,285.2,279.4,282.418,350198300.0,2022-09-22
700,腾讯控股,1220000.0,291.0,286.0,288.671,352178300.0,2022-09-21
700,腾讯控股,1200000.0,296.4,292.4,294.194,353033000.0,2022-09-20
700,腾讯控股,1220000.0,292.2,288.2,289.608,353322200.0,2022-09-19
700,腾讯控股,1180000.0,299.0,295.2,297.128,350611400.0,2022-09-16
700,腾讯控股,1170000.0,302.0,299.2,300.241,351281500.0,2022-09-15
700,腾讯控股,1170000.0,304.0,299.6,300.649,351759100.00000006,2022-09-14
700,腾讯控股,1150000.0,308.0,304.4,306.274,352215199.99999994,2022-09-13
700,腾讯控股,1150000.0,309.0,303.0,306.914,352950899.99999994,2022-09-09
700,腾讯控股,1160000.0,309.0,300.2,303.466,352020600.0,2022-09-08
700,腾讯控股,1140000.0,312.0,307.0,308.707,351926000.0,2022-09-07
700,腾讯控股,1120000.0,319.0,312.0,314.191,351893600.0,2022-09-06
700,腾讯控股,1100000.0,324.0,316.6,319.249,351174200.0,2022-09-05
700,腾讯控股,1080000.0,330.0,323.0,326.382,352492800.0,2022-09-02
700,腾讯控股,1070000.0,332.2,324.2,328.475,351468500.0,2022-09-01
700,腾讯控股,1080000.0,334.0,315.0,325.061,351065600.0,2022-08-31
700,腾讯控股,1100000.0,323.0,315.0,319.887,351875700.0,2022-08-30
700,腾讯控股,1090000.0,324.0,317.0,322.871,351929300.0,2022-08-29
700,腾讯控股,1080000.0,330.2,322.0,324.34,350287300.00000006,2022-08-26
700,腾讯控股,1100000.0,325.0,314.8,319.956,351951200.0,2022-08-25
700,腾讯控股,1130000.0,314.4,307.8,309.95,350243200.0,2022-08-24
700,腾讯控股,1130000.0,312.6,309.2,311.214,351671800.0,2022-08-23
700,腾讯控股,1130000.0,315.2,310.4,312.898,353575100.0,2022-08-22
700,腾讯控股,1110000.0,319.6,313.2,316.462,351273200.0,2022-08-19
700,腾讯控股,900000.0,337.4,332.4,335.153,301637800.0,2022-07-14
700,腾讯控股,890000.0,339.6,335.2,337.574,300441000.0,2022-07-13
700,腾讯控股,890000.0,340.0,337.0,338.077,300888100.0,2022-07-12
700,腾讯控股,880000.0,346.0,340.8,342.421,301330600.0,2022-07-11
700,腾讯控股,860000.0,352.0,349.0,350.827,301711400.0,2022-07-08
700,腾讯控股,860000.0,351.0,346.0,349.286,300385800.0,2022-07-07
700,腾讯控股,870000.0,352.0,341.0,345.583,300656900.0,2022-07-06
700,腾讯控股,860000.0,351.0,348.0,349.34,300432400.0,2022-07-05
700,腾讯控股,860000.0,356.0,345.0,349.997,300997800.0,2022-07-04
700,腾讯控股,840000.0,362.0,354.0,358.366,301027400.0,2022-06-30
700,腾讯控股,830000.0,370.0,361.0,365.687,303520400.0,2022-06-29
700,腾讯控股,830000.0,368.0,358.0,362.295,300704600.0,2022-06-28
700,腾讯控股,799000.0,377.6,373.4,375.873,300322800.0,2022-04-14
700,腾讯控股,804000.0,377.8,363.6,373.17,300028400.0,2022-04-13
700,腾讯控股,821000.0,370.8,360.0,365.634,300185300.0,2022-04-12
700,腾讯控股,840000.0,364.6,353.2,357.56,300350800.0,2022-04-11
700,腾讯控股,815000.0,370.6,366.8,368.546,300365200.0,2022-04-08
700,腾讯控股,794000.0,382.4,375.0,377.892,300046400.0,2022-04-07
700,腾讯控股,785000.0,384.6,380.6,382.545,300297600.0,2022-04-06
700,腾讯控股,775000.0,390.0,384.4,387.351,300196700.0,2022-04-04
700,腾讯控股,807000.0,375.8,366.6,371.766,300015600.0,2022-04-01
700,腾讯控股,799000.0,379.0,373.0,375.832,300289600.0,2022-03-31
700,腾讯控股,780000.0,388.2,382.0,384.535,299937100.0,2022-03-30
700,腾讯控股,798000.0,380.0,374.4,376.132,300153700.0,2022-03-29
700,腾讯控股,818000.0,371.6,357.8,367.065,300259100.0,2022-03-28
700,腾讯控股,838000.0,365.0,352.8,358.235,300201200.0,2022-03-25
700,腾讯控股,440000.0,471.6,452.0,464.704,204469900.00000003,2022-01-20
700,腾讯控股,450000.0,458.0,451.0,454.393,204477000.0,2022-01-19
700,腾讯控股,440000.0,467.6,451.0,459.235,202063600.0,2022-01-18
700,腾讯控股,430000.0,473.8,464.0,467.203,200897200.0,2022-01-17
700,腾讯控股,430000.0,474.0,462.0,468.351,201390800.00000003,2022-01-14
700,腾讯控股,351400.0,477.4,472.8,475.14,166964100.0,2022-01-13
700,腾讯控股,440000.0,461.8,454.2,459.189,202043300.00000003,2022-01-11
700,腾讯控股,450000.0,457.0,442.6,453.136,203911000.0,2022-01-10
700,腾讯控股,460000.0,448.0,438.4,443.069,203811600.0,2022-01-07
700,腾讯控股,470000.0,436.8,421.0,431.194,202661300.0,2022-01-06
700,腾讯控股,470000.0,437.6,429.4,432.849,203438800.0,2022-01-05
700,腾讯控股,230000.0,464.4,454.6,459.186,105612800.0,2021-09-30
700,腾讯控股,230000.0,464.8,452.4,458.966,105562200.0,2021-09-29
700,腾讯控股,220000.0,476.0,465.0,471.584,103748500.0,2021-09-28
700,腾讯控股,220000.0,472.8,455.4,465.644,102441600.0,2021-09-27
700,腾讯控股,220000.0,472.4,456.4,464.61,102214200.0,2021-09-24
700,腾讯控股,220000.0,466.8,456.6,461.529,101536500.0,2021-09-23
700,腾讯控股,230000.0,453.6,443.4,448.679,103196100.0,2021-09-21
700,腾讯控股,230000.0,457.2,448.2,453.267,104251300.0,2021-09-20
700,腾讯控股,230000.0,467.4,445.4,459.358,105652300.0,2021-09-17
700,腾讯控股,230000.0,454.6,445.2,449.376,103356500.0,2021-09-16
700,腾讯控股,230000.0,463.8,451.6,457.923,105322400.0,2021-09-15
700,腾讯控股,220000.0,482.6,469.0,475.993,104718500.0,2021-09-14
700,腾讯控股,220000.0,480.2,471.2,475.476,104604600.0,2021-09-13
700,腾讯控股,210000.0,489.4,481.4,486.102,102081400.0,2021-09-10
700,腾讯控股,210000.0,497.4,480.2,492.006,103321200.0,2021-09-09
700,腾讯控股,69200.0,516.0,510.0,514.139,35578500.0,2021-09-07
700,腾讯控股,200000.0,506.5,488.8,502.265,100453000.0,2021-09-06
700,腾讯控股,210000.0,496.6,482.0,487.156,102302700.0,2021-09-03
700,腾讯控股,210000.0,498.4,493.2,495.934,104146100.0,2021-09-02
700,腾讯控股,210000.0,494.4,477.8,488.044,102489200.0,2021-09-01
700,腾讯控股,220000.0,477.0,447.4,460.188,101241400.0,2021-08-31
700,腾讯控股,220000.0,465.2,458.2,461.465,101522300.0,2021-08-30
700,腾讯控股,220000.0,478.2,462.6,471.233,103671300.0,2021-08-27
700,腾讯控股,22600.0,451.6,450.6,451.351,10200500.0,2021-08-24
700,腾讯控股,230000.0,443.8,432.0,438.579,100873100.0,2021-08-23
700,腾讯控股,240000.0,432.4,412.6,423.804,101712900.0,2021-08-20
700,腾讯控股,180000.0,435.2,419.4,427.584,76965100.0,2021-08-19
700,腾讯控股,120000.0,327.8,323.4,324.996,38999500.0,2019-10-11
700,腾讯控股,120000.0,322.4,317.4,319.371,38324500.0,2019-10-10
700,腾讯控股,120000.0,323.0,318.6,320.343,38441200.0,2019-10-09
700,腾讯控股,120000.0,327.4,323.4,325.307,39036800.0,2019-10-08
700,腾讯控股,120000.0,326.8,320.4,323.685,38842200.0,2019-10-04
700,腾讯控股,120000.0,325.6,322.0,324.024,38882800.0,2019-10-03
700,腾讯控股,110000.0,326.2,323.2,324.958,35745400.0,2019-10-02
700,腾讯控股,110000.0,331.8,323.6,329.06,36196600.0,2019-09-30
700,腾讯控股,110000.0,331.2,328.8,329.991,36299000.0,2019-09-27
700,腾讯控股,110000.0,334.0,330.2,331.868,36505500.0,2019-09-26
700,腾讯控股,110000.0,332.0,328.2,329.355,36229100.0,2019-09-25
700,腾讯控股,110000.0,338.0,334.6,335.899,36948900.0,2019-09-24
700,腾讯控股,110000.0,338.2,335.2,336.144,36975900.0,2019-09-23
700,腾讯控股,110000.0,340.2,334.4,337.125,37083800.0,2019-09-20
700,腾讯控股,110000.0,342.6,338.2,339.315,37324600.0,2019-09-19
700,腾讯控股,110000.0,345.2,341.6,342.986,37728400.0,2019-09-18
700,腾讯控股,110000.0,345.2,340.8,342.771,37704800.0,2019-09-17
700,腾讯控股,110000.0,346.0,340.0,342.211,37643200.0,2019-09-16
700,腾讯控股,110000.0,350.2,346.8,349.275,38420200.0,2019-09-13
700,腾讯控股,110000.0,351.0,347.4,349.491,38444000.0,2019-09-12
700,腾讯控股,110000.0,347.2,339.6,343.072,37737900.0,2019-09-11
700,腾讯控股,110000.0,344.4,339.0,340.57,37462700.0,2019-09-10
700,腾讯控股,110000.0,343.4,340.8,342.038,37624200.0,2019-09-09
700,腾讯控股,110100.0,344.2,339.6,341.575,37607400.0,2019-09-06
700,腾讯控股,110000.0,345.6,336.0,342.206,37642700.0,2019-09-05
700,腾讯控股,94400.0,340.0,333.2,336.996,31812400.0,2019-09-04
700,腾讯控股,110000.0,333.4,328.6,331.127,36424000.0,2019-09-03
700,腾讯控股,110000.0,331.4,326.4,329.906,36289600.0,2019-09-02
700,腾讯控股,120000.0,327.0,321.4,325.07,39008400.0,2019-08-30
700,腾讯控股,120000.0,320.4,312.4,317.52,38102400.0,2019-08-29
700,腾讯控股,122200.0,322.0,319.6,320.951,39220200.0,2019-08-28
700,腾讯控股,146000.0,289.0,273.2,281.39,41083000.0,2018-10-12
700,腾讯控股,144000.0,274.0,265.2,268.804,38707700.0,2018-10-11
700,腾讯控股,134000.0,296.6,285.6,291.056,39001500.0,2018-10-10
700,腾讯控股,131000.0,300.0,293.8,296.868,38889700.0,2018-10-09
700,腾讯控股,128000.0,305.8,299.0,301.777,38627500.0,2018-10-08
700,腾讯控股,128000.0,307.6,302.6,304.975,39036800.0,2018-10-05
700,腾讯控股,124000.0,313.2,307.4,309.252,38347200.0,2018-10-04
700,腾讯控股,124000.0,319.4,313.0,315.91,39172800.0,2018-10-03
700,腾讯控股,120500.0,322.8,315.2,317.915,38308800.0,2018-10-02
700,腾讯控股,121000.0,326.6,321.2,323.074,39092000.0,2018-09-28
700,腾讯控股,118000.0,331.0,322.0,324.912,38339600.0,2018-09-27
700,腾讯控股,116500.0,332.6,328.0,330.023,38447700.0,2018-09-26
700,腾讯控股,117000.0,332.2,326.0,328.638,38450600.0,2018-09-24
700,腾讯控股,118300.0,333.4,326.0,330.113,39052400.0,2018-09-21
700,腾讯控股,122000.0,327.2,321.4,323.944,39521200.0,2018-09-20
700,腾讯控股,120000.0,326.4,320.0,322.995,38759400.0,2018-09-19
700,腾讯控股,125000.0,323.2,311.4,316.011,39501300.0,2018-09-18
700,腾讯控股,118000.0,324.6,318.8,320.837,37858800.0,2018-09-17
700,腾讯控股,71000.0,329.8,328.2,329.118,23367300.0,2018-09-14
700,腾讯控股,124000.0,322.8,316.2,318.574,39503200.0,2018-09-13
700,腾讯控股,125000.0,312.0,306.0,308.786,38598300.0,2018-09-12
700,腾讯控股,126000.0,313.6,307.6,309.174,38956000.0,2018-09-11
700,腾讯控股,124000.0,321.2,312.0,315.387,39108000.0,2018-09-10
700,腾讯控股,22700.0,311.6,310.8,311.545,7072100.0,2018-09-07
700,腾讯控股,153000.0,503.5,499.0,501.546,76736600.0,2014-04-07
700,腾讯控股,620400.0,250.6,249.5,250.019,155111500.0,2013-04-12
700,腾讯控股,460300.0,251.4,249.4,250.583,115343600.0,2013-04-11
700,腾讯控股,625000.0,250.0,248.0,249.512,155945100.0,2013-04-10
700,腾讯控股,630000.0,248.2,245.3,247.19,155729600.0,2013-04-09
700,腾讯控股,640000.0,242.7,239.4,241.142,154330700.0,2013-04-08
700,腾讯控股,650000.0,241.0,238.4,239.306,155549000.0,2013-04-05
700,腾讯控股,640000.0,245.7,241.8,243.257,155684500.0,2013-04-03
700,腾讯控股,320000.0,245.9,241.4,243.163,77812000.0,2013-04-02
700,腾讯控股,300000.0,254.0,246.8,249.152,74745500.0,2013-03-28
700,腾讯控股,150200.0,253.8,250.0,251.662,37799700.0,2013-03-27
700,腾讯控股,315000.0,250.0,243.4,246.848,77757200.0,2013-03-26
700,腾讯控股,480000.0,244.4,239.6,240.56,115468900.0,2013-03-25
700,腾讯控股,471100.0,251.0,245.5,247.347,116525000.0,2013-03-22
700,腾讯控股,341000.0,258.8,250.4,253.596,86476299.99999999,2013-03-21
700,腾讯控股,26000.0,205.0,204.4,204.857,5326300.0,2012-05-23
700,腾讯控股,128400.0,153.0,151.9,152.514,19582800.0,2012-01-09
700,腾讯控股,104300.0,144.9,142.6,143.7,14987900.0,2011-12-13
700,腾讯控股,151300.0,145.0,140.85,143.289,21679600.0,2011-11-29
700,腾讯控股,171800.0,160.0,154.6,157.049,26981000.0,2011-10-06
700,腾讯控股,1000000.0,149.4,140.1,143.508,143508200.0,2011-10-04
700,腾讯控股,250000.0,151.8,147.4,148.823,37205800.0,2011-10-03
700,腾讯控股,100000.0,165.2,161.8,163.671,16367100.0,2011-09-30
700,腾讯控股,279100.0,155.0,152.0,154.229,43045400.0,2011-09-23
700,腾讯控股,500000.0,160.9,156.25,157.407,78703500.0,2011-09-22
700,腾讯控股,1000000.0,170.0,168.05,168.884,168883800.0,2011-09-21
700,腾讯控股,417900.0,173.1,171.05,172.395,72044000.0,2011-08-23
700,腾讯控股,800000.0,173.5,165.8,169.874,135899000.0,2011-08-22
700,腾讯控股,800000.0,176.0,170.6,173.644,138914900.0,2011-08-19
700,腾讯控股,600000.0,185.0,180.05,182.538,109522900.0,2011-08-18
700,腾讯控股,800000.0,181.25,179.7,180.164,144131000.0,2011-08-17
700,腾讯控股,211300.0,190.0,189.6,189.913,40128600.0,2011-04-01
700,腾讯控股,400000.0,189.7,187.5,188.378,75351200.0,2011-03-31
700,腾讯控股,454000.0,138.5,136.4,137.772,62548400.0,2010-07-09
700,腾讯控股,600000.0,138.0,136.4,137.524,82514500.0,2010-07-08
700,腾讯控股,570000.0,136.5,133.1,135.259,77097900.0,2010-07-07
700,腾讯控股,1000000.0,134.6,129.9,132.603,132602800.0,2010-07-06
700,腾讯控股,100000.0,47.0,45.8,46.442,4644200.0,2009-02-17
700,腾讯控股,100000.0,44.95,44.1,44.434,4443500.0,2009-01-23
700,腾讯控股,22000.0,44.85,44.45,44.594,981100.0,2009-01-21
700,腾讯控股,100000.0,43.0,42.35,42.91,4291000.0,2009-01-16
700,腾讯控股,300000.0,42.05,41.5,41.95,12584900.0,2009-01-15
700,腾讯控股,100000.0,43.95,43.45,43.683,4368300.0,2009-01-14
700,腾讯控股,200000.0,44.35,43.55,43.911,8782300.0,2009-01-13
700,腾讯控股,500000.0,44.25,42.65,43.391,21695700.0,2009-01-09
700,腾讯控股,500000.0,45.8,44.7,45.119,22559700.0,2009-01-08
700,腾讯控股,179800.0,47.4,45.95,46.567,8372700.0,2008-12-12
700,腾讯控股,200000.0,48.4,45.9,46.998,9399500.0,2008-12-11
700,腾讯控股,200000.0,43.65,41.9,42.822,8564400.0,2008-12-02
700,腾讯控股,113400.0,42.5,42.5,42.5,4819500.0,2008-11-28
700,腾讯控股,200000.0,42.05,40.25,41.121,8224200.0,2008-11-27
700,腾讯控股,200000.0,46.5,45.25,45.807,9161300.0,2008-11-19
700,腾讯控股,200000.0,47.6,45.15,46.664,9332800.0,2008-11-18
700,腾讯控股,200000.0,48.15,46.75,47.283,9456700.0,2008-11-13
700,腾讯控股,1024400.0,45.0,41.85,43.144,44197000.0,2008-10-10
700,腾讯控股,400000.0,46.5,45.1,45.839,18335700.0,2008-10-09
700,腾讯控股,450000.0,47.45,45.0,46.227,20802200.0,2008-10-08
700,腾讯控股,600000.0,49.35,48.1,48.569,29141500.0,2008-10-06
700,腾讯控股,100000.0,54.95,51.75,53.086,5308600.0,2008-10-03
700,腾讯控股,100000.0,55.0,53.25,54.229,5422900.0,2008-10-02
700,腾讯控股,158600.0,54.95,50.0,52.492,8325200.0,2008-09-30
700,腾讯控股,200000.0,57.3,54.4,55.14,11028000.0,2008-09-29
700,腾讯控股,100000.0,57.85,55.15,56.556,5655599.999999999,2008-09-26
700,腾讯控股,100000.0,59.75,57.4,58.668,5866799.999999999,2008-09-25
700,腾讯控股,100000.0,59.05,57.65,58.487,5848700.0,2008-09-24
700,腾讯控股,100000.0,59.3,57.95,58.539,5853900.0,2008-09-23
700,腾讯控股,25000.0,60.0,60.0,60.0,1500000.0,2008-09-19
700,腾讯控股,200000.0,52.0,47.05,49.946,9989100.0,2008-09-18
700,腾讯控股,150000.0,58.0,55.15,56.147,8422100.0,2008-09-17
700,腾讯控股,150000.0,58.05,56.35,57.229,8584300.0,2008-09-16
700,腾讯控股,250000.0,59.95,57.05,57.58,14395100.0,2008-09-11
700,腾讯控股,100000.0,60.0,59.8,59.904,5990300.0,2008-09-10
700,腾讯控股,350000.0,59.05,57.5,58.156,20354600.0,2008-09-05
700,腾讯控股,300000.0,63.25,63.05,63.137,18941000.0,2008-09-04
700,腾讯控股,1272600.0,45.5,44.6,44.941,57192200.0,2008-04-01
700,腾讯控股,1500000.0,39.9,35.95,38.884,58326300.0,2008-03-20
700,腾讯控股,100000.0,34.45,34.45,34.45,3445000.0,2007-08-21
700,腾讯控股,41000.0,33.0,32.95,32.999,1353000.0,2007-08-20
700,腾讯控股,500000.0,31.45,28.9,30.376,15187900.0,2007-08-17
700,腾讯控股,1849000.0,33.2,31.6,32.106,59363800.0,2007-08-16
700,腾讯控股,108000.0,33.2,33.05,33.144,3579500.0,2007-07-06
700,腾讯控股,615000.0,33.05,32.8,33.026,20311200.0,2007-07-05
700,腾讯控股,225000.0,32.75,32.4,32.641,7344299.999999999,2007-07-04
700,腾讯控股,428000.0,15.1,14.8,15.081,6454700.0,2006-04-21
700,腾讯控股,2183000.0,15.1,14.55,15.039,32829300.0,2006-04-20
700,腾讯控股,3930000.0,15.1,14.95,15.034,59084399.99999999,2006-04-19
700,腾讯控股,3761000.0,15.0,14.05,14.704,55303200.0,2006-04-18
700,腾讯控股,100000.0,9.95,,9.95,995000.0,2006-02-14
700,腾讯控股,100000.0,9.9,,9.9,990000.0,2006-02-10
700,腾讯控股,691000.0,9.9,9.85,9.883,6829100.0,2006-02-09
700,腾讯控股,1650000.0,9.9,9.8,9.839,16235000.0,2006-02-08
700,腾讯控股,408000.0,9.9,9.8,9.885,4033200.0,2006-02-03
700,腾讯控股,522000.0,9.9,9.85,9.886,5160300.0,2006-02-02
700,腾讯控股,3670000.0,9.75,9.5,9.671,35491500.0,2006-01-24
700,腾讯控股,914000.0,9.65,9.5,9.557,8735500.0,2006-01-23
700,腾讯控股,1454000.0,8.4,8.3,8.392,12202400.0,2005-12-21
700,腾讯控股,2139000.0,8.4,8.3,8.362,17886300.0,2005-12-20
700,腾讯控股,1453000.0,8.2,8.15,8.194,11905600.0,2005-12-19
700,腾讯控股,1483000.0,8.35,8.15,8.228,12202400.0,2005-12-16
700,腾讯控股,1155000.0,8.4,8.35,8.4,9701800.0,2005-12-15
700,腾讯控股,160000.0,8.4,,8.4,1344000.0,2005-12-14
700,腾讯控股,218000.0,8.3,8.25,8.282,1805500.0,2005-12-12
700,腾讯控股,763000.0,8.3,8.25,8.287,6323000.0,2005-12-09
700,腾讯控股,480000.0,8.25,8.2,8.233,3952000.0,2005-12-08
700,腾讯控股,1176000.0,8.25,8.2,8.207,9651200.0,2005-12-07
700,腾讯控股,786000.0,8.3,8.2,8.275,6504400.000000001,2005-12-06
700,腾讯控股,80000.0,8.3,,8.3,664000.0,2005-12-05
700,腾讯控股,1972000.0,8.35,8.05,8.132,16035900.0,2005-12-02
700,腾讯控股,500000.0,8.1,,8.1,4050000.0,2005-12-01
700,腾讯控股,125000.0,8.5,,8.5,1062500.0,2005-11-25
700,腾讯控股,322000.0,8.5,8.2,8.351,2689200.0,2005-11-24
